{"stats":{"minecraft:used":{"minecraft:dirt":18,"minecraft:cobblestone":2,"minecraft:crafting_table":2,"minecraft:stone_pickaxe":20,"minecraft:wooden_pickaxe":13},"minecraft:crafted":{"minecraft:torch":8,"minecraft:crafting_table":1,"minecraft:stick":4,"minecraft:stone_pickaxe":1,"minecraft:jungle_planks":12,"minecraft:wooden_pickaxe":1},"minecraft:custom":{"minecraft:time_since_rest":9790,"minecraft:crouch_one_cm":3145,"minecraft:sprint_one_cm":4887,"minecraft:play_time":9790,"minecraft:damage_taken":200,"minecraft:walk_one_cm":12504,"minecraft:sneak_time":1461,"minecraft:walk_under_water_one_cm":57,"minecraft:jump":47,"minecraft:walk_on_water_one_cm":1087,"minecraft:leave_game":3,"minecraft:time_since_death":9790,"minecraft:total_world_time":9790,"minecraft:fall_one_cm":1679,"minecraft:swim_one_cm":1919,"minecraft:interact_with_crafting_table":2,"minecraft:fly_one_cm":7234},"minecraft:picked_up":{"minecraft:stick":2,"minecraft:crafting_table":1,"minecraft:jungle_log":3,"minecraft:coal":18,"minecraft:dirt":18,"minecraft:cobblestone":13},"minecraft:mined":{"minecraft:grass_block":4,"minecraft:coal_ore":19,"minecraft:jungle_log":3,"minecraft:dirt":14,"minecraft:jungle_leaves":4,"minecraft:stone":14,"minecraft:crafting_table":1}},"DataVersion":3120}